[
     {
          "value": "AED",
          "name": "United Arab Emirates Dirham (AED)"
     },
     {
          "value": "AFN",
          "name": "Afghan Afghani (AFN)"
     },
     {
          "value": "ALL",
          "name": "Albanian Lek (ALL)"
     },
     {
          "value": "AMD",
          "name": "Armenian Dram (AMD)"
     },
     {
          "value": "ANG",
          "name": "Netherlands Antillean Guilder (ANG)"
     },
     {
          "value": "AOA",
          "name": "Angolan Kwanza (AOA)"
     },
     {
          "value": "ARS",
          "name": "Argentine Peso (ARS)"
     },
     {
          "value": "AUD",
          "name": "Australian Dollar (A$)"
     },
     {
          "value": "AWG",
          "name": "Aruban Florin (AWG)"
     },
     {
          "value": "AZN",
          "name": "Azerbaijani Manat (AZN)"
     },
     {
          "value": "BAM",
          "name": "Bosnia-Herzegovina Convertible Mark (BAM)"
     },
     {
          "value": "BBD",
          "name": "Barbadian Dollar (BBD)"
     },
     {
          "value": "BDT",
          "name": "Bangladeshi Taka (BDT)"
     },
     {
          "value": "BGN",
          "name": "Bulgarian Lev (BGN)"
     },
     {
          "value": "BHD",
          "name": "Bahraini Dinar (BHD)"
     },
     {
          "value": "BIF",
          "name": "Burundian Franc (BIF)"
     },
     {
          "value": "BMD",
          "name": "Bermudan Dollar (BMD)"
     },
     {
          "value": "BND",
          "name": "Brunei Dollar (BND)"
     },
     {
          "value": "BOB",
          "name": "Bolivian Boliviano (BOB)"
     },
     {
          "value": "BRL",
          "name": "Brazilian Real (R$)"
     },
     {
          "value": "BSD",
          "name": "Bahamian Dollar (BSD)"
     },
     {
          "value": "BTC",
          "name": "Bitcoin (฿)"
     },
     {
          "value": "BTN",
          "name": "Bhutanese Ngultrum (BTN)"
     },
     {
          "value": "BWP",
          "name": "Botswanan Pula (BWP)"
     },
     {
          "value": "BYN",
          "name": "Belarusian Ruble (BYN)"
     },
     {
          "value": "BYR",
          "name": "Belarusian Ruble (2000–2016) (BYR)"
     },
     {
          "value": "BZD",
          "name": "Belize Dollar (BZD)"
     },
     {
          "value": "CAD",
          "name": "Canadian Dollar (CA$)"
     },
     {
          "value": "CDF",
          "name": "Congolese Franc (CDF)"
     },
     {
          "value": "CHF",
          "name": "Swiss Franc (CHF)"
     },
     {
          "value": "CLF",
          "name": "Chilean Unit of Account (UF) (CLF)"
     },
     {
          "value": "CLP",
          "name": "Chilean Peso (CLP)"
     },
     {
          "value": "CNH",
          "name": "CNH (CNH)"
     },
     {
          "value": "CNY",
          "name": "Chinese Yuan (CN¥)"
     },
     {
          "value": "COP",
          "name": "Colombian Peso (COP)"
     },
     {
          "value": "CRC",
          "name": "Costa Rican Colón (CRC)"
     },
     {
          "value": "CUP",
          "name": "Cuban Peso (CUP)"
     },
     {
          "value": "CVE",
          "name": "Cape Verdean Escudo (CVE)"
     },
     {
          "value": "CZK",
          "name": "Czech Koruna (CZK)"
     },
     {
          "value": "DEM",
          "name": "German Mark (DEM)"
     },
     {
          "value": "DJF",
          "name": "Djiboutian Franc (DJF)"
     },
     {
          "value": "DKK",
          "name": "Danish Krone (DKK)"
     },
     {
          "value": "DOP",
          "name": "Dominican Peso (DOP)"
     },
     {
          "value": "DZD",
          "name": "Algerian Dinar (DZD)"
     },
     {
          "value": "EGP",
          "name": "Egyptian Pound (EGP)"
     },
     {
          "value": "ERN",
          "name": "Eritrean Nakfa (ERN)"
     },
     {
          "value": "ETB",
          "name": "Ethiopian Birr (ETB)"
     },
     {
          "value": "EUR",
          "name": "Euro (€)"
     },
     {
          "value": "FIM",
          "name": "Finnish Markka (FIM)"
     },
     {
          "value": "FJD",
          "name": "Fijian Dollar (FJD)"
     },
     {
          "value": "FKP",
          "name": "Falkland Islands Pound (FKP)"
     },
     {
          "value": "FRF",
          "name": "French Franc (FRF)"
     },
     {
          "value": "GBP",
          "name": "British Pound (£)"
     },
     {
          "value": "GEL",
          "name": "Georgian Lari (GEL)"
     },
     {
          "value": "GHS",
          "name": "Ghanaian Cedi (GHS)"
     },
     {
          "value": "GIP",
          "name": "Gibraltar Pound (GIP)"
     },
     {
          "value": "GMD",
          "name": "Gambian Dalasi (GMD)"
     },
     {
          "value": "GNF",
          "name": "Guinean Franc (GNF)"
     },
     {
          "value": "GTQ",
          "name": "Guatemalan Quetzal (GTQ)"
     },
     {
          "value": "GYD",
          "name": "Guyanaese Dollar (GYD)"
     },
     {
          "value": "HKD",
          "name": "Hong Kong Dollar (HK$)"
     },
     {
          "value": "HNL",
          "name": "Honduran Lempira (HNL)"
     },
     {
          "value": "HRK",
          "name": "Croatian Kuna (HRK)"
     },
     {
          "value": "HTG",
          "name": "Haitian Gourde (HTG)"
     },
     {
          "value": "HUF",
          "name": "Hungarian Forint (HUF)"
     },
     {
          "value": "IDR",
          "name": "Indonesian Rupiah (IDR)"
     },
     {
          "value": "IEP",
          "name": "Irish Pound (IEP)"
     },
     {
          "value": "ILS",
          "name": "Israeli New Shekel (₪)"
     },
     {
          "value": "INR",
          "name": "Indian Rupee (₹)"
     },
     {
          "value": "IQD",
          "name": "Iraqi Dinar (IQD)"
     },
     {
          "value": "IRR",
          "name": "Iranian Rial (IRR)"
     },
     {
          "value": "ISK",
          "name": "Icelandic Króna (ISK)"
     },
     {
          "value": "ITL",
          "name": "Italian Lira (ITL)"
     },
     {
          "value": "JMD",
          "name": "Jamaican Dollar (JMD)"
     },
     {
          "value": "JOD",
          "name": "Jordanian Dinar (JOD)"
     },
     {
          "value": "JPY",
          "name": "Japanese Yen (¥)"
     },
     {
          "value": "KES",
          "name": "Kenyan Shilling (KES)"
     },
     {
          "value": "KGS",
          "name": "Kyrgystani Som (KGS)"
     },
     {
          "value": "KHR",
          "name": "Cambodian Riel (KHR)"
     },
     {
          "value": "KMF",
          "name": "Comorian Franc (KMF)"
     },
     {
          "value": "KPW",
          "name": "North Korean Won (KPW)"
     },
     {
          "value": "KRW",
          "name": "South Korean Won (₩)"
     },
     {
          "value": "KWD",
          "name": "Kuwaiti Dinar (KWD)"
     },
     {
          "value": "KYD",
          "name": "Cayman Islands Dollar (KYD)"
     },
     {
          "value": "KZT",
          "name": "Kazakhstani Tenge (KZT)"
     },
     {
          "value": "LAK",
          "name": "Laotian Kip (LAK)"
     },
     {
          "value": "LBP",
          "name": "Lebanese Pound (LBP)"
     },
     {
          "value": "LKR",
          "name": "Sri Lankan Rupee (LKR)"
     },
     {
          "value": "LRD",
          "name": "Liberian Dollar (LRD)"
     },
     {
          "value": "LSL",
          "name": "Lesotho Loti (LSL)"
     },
     {
          "value": "LTL",
          "name": "Lithuanian Litas (LTL)"
     },
     {
          "value": "LVL",
          "name": "Latvian Lats (LVL)"
     },
     {
          "value": "LYD",
          "name": "Libyan Dinar (LYD)"
     },
     {
          "value": "MAD",
          "name": "Moroccan Dirham (MAD)"
     },
     {
          "value": "MDL",
          "name": "Moldovan Leu (MDL)"
     },
     {
          "value": "MGA",
          "name": "Malagasy Ariary (MGA)"
     },
     {
          "value": "MKD",
          "name": "Macedonian Denar (MKD)"
     },
     {
          "value": "MMK",
          "name": "Myanmar Kyat (MMK)"
     },
     {
          "value": "MNT",
          "name": "Mongolian Tugrik (MNT)"
     },
     {
          "value": "MOP",
          "name": "Macanese Pataca (MOP)"
     },
     {
          "value": "MRO",
          "name": "Mauritanian Ouguiya (MRO)"
     },
     {
          "value": "MUR",
          "name": "Mauritian Rupee (MUR)"
     },
     {
          "value": "MVR",
          "name": "Maldivian Rufiyaa (MVR)"
     },
     {
          "value": "MWK",
          "name": "Malawian Kwacha (MWK)"
     },
     {
          "value": "MXN",
          "name": "Mexican Peso (MX$)"
     },
     {
          "value": "MYR",
          "name": "Malaysian Ringgit (MYR)"
     },
     {
          "value": "MZN",
          "name": "Mozambican Metical (MZN)"
     },
     {
          "value": "NAD",
          "name": "Namibian Dollar (NAD)"
     },
     {
          "value": "NGN",
          "name": "Nigerian Naira (NGN)"
     },
     {
          "value": "NIO",
          "name": "Nicaraguan Córdoba (NIO)"
     },
     {
          "value": "NOK",
          "name": "Norwegian Krone (NOK)"
     },
     {
          "value": "NPR",
          "name": "Nepalese Rupee (NPR)"
     },
     {
          "value": "NZD",
          "name": "New Zealand Dollar (NZ$)"
     },
     {
          "value": "OMR",
          "name": "Omani Rial (OMR)"
     },
     {
          "value": "PAB",
          "name": "Panamanian Balboa (PAB)"
     },
     {
          "value": "PEN",
          "name": "Peruvian Sol (PEN)"
     },
     {
          "value": "PGK",
          "name": "Papua New Guinean Kina (PGK)"
     },
     {
          "value": "PHP",
          "name": "Philippine Peso (PHP)"
     },
     {
          "value": "PKG",
          "name": "PKG (PKG)"
     },
     {
          "value": "PKR",
          "name": "Pakistani Rupee (PKR)"
     },
     {
          "value": "PLN",
          "name": "Polish Zloty (PLN)"
     },
     {
          "value": "PYG",
          "name": "Paraguayan Guarani (PYG)"
     },
     {
          "value": "QAR",
          "name": "Qatari Rial (QAR)"
     },
     {
          "value": "RON",
          "name": "Romanian Leu (RON)"
     },
     {
          "value": "RSD",
          "name": "Serbian Dinar (RSD)"
     },
     {
          "value": "RUB",
          "name": "Russian Ruble (RUB)"
     },
     {
          "value": "RWF",
          "name": "Rwandan Franc (RWF)"
     },
     {
          "value": "SAR",
          "name": "Saudi Riyal (SAR)"
     },
     {
          "value": "SBD",
          "name": "Solomon Islands Dollar (SBD)"
     },
     {
          "value": "SCR",
          "name": "Seychellois Rupee (SCR)"
     },
     {
          "value": "SDG",
          "name": "Sudanese Pound (SDG)"
     },
     {
          "value": "SEK",
          "name": "Swedish Krona (SEK)"
     },
     {
          "value": "SGD",
          "name": "Singapore Dollar (SGD)"
     },
     {
          "value": "SHP",
          "name": "St. Helena Pound (SHP)"
     },
     {
          "value": "SKK",
          "name": "Slovak Koruna (SKK)"
     },
     {
          "value": "SLL",
          "name": "Sierra Leonean Leone (SLL)"
     },
     {
          "value": "SOS",
          "name": "Somali Shilling (SOS)"
     },
     {
          "value": "SRD",
          "name": "Surinamese Dollar (SRD)"
     },
     {
          "value": "STD",
          "name": "São Tomé &amp; Príncipe Dobra (STD)"
     },
     {
          "value": "SVC",
          "name": "Salvadoran Colón (SVC)"
     },
     {
          "value": "SYP",
          "name": "Syrian Pound (SYP)"
     },
     {
          "value": "SZL",
          "name": "Swazi Lilangeni (SZL)"
     },
     {
          "value": "THB",
          "name": "Thai Baht (THB)"
     },
     {
          "value": "TJS",
          "name": "Tajikistani Somoni (TJS)"
     },
     {
          "value": "TMT",
          "name": "Turkmenistani Manat (TMT)"
     },
     {
          "value": "TND",
          "name": "Tunisian Dinar (TND)"
     },
     {
          "value": "TOP",
          "name": "Tongan Paʻanga (TOP)"
     },
     {
          "value": "TRY",
          "name": "Turkish Lira (TRY)"
     },
     {
          "value": "TTD",
          "name": "Trinidad &amp; Tobago Dollar (TTD)"
     },
     {
          "value": "TWD",
          "name": "New Taiwan Dollar (NT$)"
     },
     {
          "value": "TZS",
          "name": "Tanzanian Shilling (TZS)"
     },
     {
          "value": "UAH",
          "name": "Ukrainian Hryvnia (UAH)"
     },
     {
          "value": "UGX",
          "name": "Ugandan Shilling (UGX)"
     },
     {
          "value": "USD",
          "name": "US Dollar ($)"
     },
     {
          "value": "UYU",
          "name": "Uruguayan Peso (UYU)"
     },
     {
          "value": "UZS",
          "name": "Uzbekistani Som (UZS)"
     },
     {
          "value": "VEF",
          "name": "Venezuelan Bolívar (VEF)"
     },
     {
          "value": "VND",
          "name": "Vietnamese Dong (₫)"
     },
     {
          "value": "VUV",
          "name": "Vanuatu Vatu (VUV)"
     },
     {
          "value": "WST",
          "name": "Samoan Tala (WST)"
     },
     {
          "value": "XAF",
          "name": "Central African CFA Franc (FCFA)"
     },
     {
          "value": "XCD",
          "name": "East Caribbean Dollar (EC$)"
     },
     {
          "value": "XDR",
          "name": "Special Drawing Rights (XDR)"
     },
     {
          "value": "XOF",
          "name": "West African CFA Franc (CFA)"
     },
     {
          "value": "XPF",
          "name": "CFP Franc (CFPF)"
     },
     {
          "value": "YER",
          "name": "Yemeni Rial (YER)"
     },
     {
          "value": "ZAR",
          "name": "South African Rand (ZAR)"
     },
     {
          "value": "ZMK",
          "name": "Zambian Kwacha (1968–2012) (ZMK)"
     },
     {
          "value": "ZMW",
          "name": "Zambian Kwacha (ZMW)"
     },
     {
          "value": "ZWL",
          "name": "Zimbabwean Dollar (2009) (ZWL)"
     }
]